{
  "radius": 1.41421356237,
  "pi": 3.14159
}
